{
    "metadata": {
        "delta": 0.15,
        "alpha": 0.45,
        "beta": 0.75,
        "gamma": 1.15,
        "h_min": 0.4,
        "h_max": 0.95,
        "corrections_applied": 0,
        "statistics": {
            "global_min": 2.13,
            "global_max": 9.3,
            "global_mean": 4.92333333,
            "global_std": 2.5308771
        }
    },
    "cost_matrix": [
        [
            {
                "umf": [
                    2.1692,
                    2.3797400000000004,
                    2.8391,
                    2.9922200000000005,
                    1.0
                ],
                "lmf": [
                    2.3039808,
                    2.4403918000000004,
                    2.7380144000000004,
                    2.8372223,
                    0.4
                ]
            },
            {
                "umf": [
                    4.852650000000001,
                    5.3236425,
                    6.351262500000001,
                    6.693802500000001,
                    1.0
                ],
                "lmf": [
                    5.226147300000001,
                    5.4917159,
                    6.071139800000001,
                    6.26428,
                    0.4
                ]
            },
            {
                "umf": [
                    6.7787500000000005,
                    7.436687500000001,
                    8.8721875,
                    9.3506875,
                    1.0
                ],
                "lmf": [
                    7.372670800000001,
                    7.7039512000000006,
                    8.426746900000001,
                    8.667678800000001,
                    0.4
                ]
            },
            {
                "umf": [
                    6.077500000000001,
                    6.667375000000001,
                    7.954375000000001,
                    8.383375000000001,
                    1.0
                ],
                "lmf": [
                    6.5864216,
                    6.896389500000001,
                    7.572683800000001,
                    7.798115600000001,
                    0.4
                ]
            }
        ],
        [
            {
                "umf": [
                    1.9915500000000002,
                    2.1848475,
                    2.6065875000000003,
                    2.7471674999999998,
                    1.0
                ],
                "lmf": [
                    2.1133365,
                    2.2396517,
                    2.5152468000000003,
                    2.6071122000000004,
                    0.4
                ]
            },
            {
                "umf": [
                    4.852650000000001,
                    5.3236425,
                    6.351262500000001,
                    6.693802500000001,
                    1.0
                ],
                "lmf": [
                    5.226147300000001,
                    5.4917159,
                    6.071139800000001,
                    6.26428,
                    0.4
                ]
            },
            {
                "umf": [
                    7.592200000000001,
                    8.32909,
                    9.936850000000002,
                    10.47277,
                    1.0
                ],
                "lmf": [
                    8.2915305,
                    8.643789,
                    9.412352400000001,
                    9.6685402,
                    0.4
                ]
            },
            {
                "umf": [
                    1.9915500000000002,
                    2.1848475,
                    2.6065875000000003,
                    2.7471674999999998,
                    1.0
                ],
                "lmf": [
                    2.1133365,
                    2.2396517,
                    2.5152468000000003,
                    2.6071122000000004,
                    0.4
                ]
            }
        ],
        [
            {
                "umf": [
                    2.1692,
                    2.3797400000000004,
                    2.8391,
                    2.9922200000000005,
                    1.0
                ],
                "lmf": [
                    2.3039808,
                    2.4403918000000004,
                    2.7380144000000004,
                    2.8372223,
                    0.4
                ]
            },
            {
                "umf": [
                    6.077500000000001,
                    6.667375000000001,
                    7.954375000000001,
                    8.383375000000001,
                    1.0
                ],
                "lmf": [
                    6.5864216,
                    6.896389500000001,
                    7.572683800000001,
                    7.798115600000001,
                    0.4
                ]
            },
            {
                "umf": [
                    8.695500000000001,
                    9.539475000000001,
                    11.380875,
                    11.994675,
                    1.0
                ],
                "lmf": [
                    9.549490500000001,
                    9.923771000000002,
                    10.740382400000001,
                    11.012586200000001,
                    0.4
                ]
            },
            {
                "umf": [
                    1.9915500000000002,
                    2.1848475,
                    2.6065875000000003,
                    2.7471674999999998,
                    1.0
                ],
                "lmf": [
                    2.1133365,
                    2.2396517,
                    2.5152468000000003,
                    2.6071122000000004,
                    0.4
                ]
            }
        ]
    ],
    "supply": [
        {
            "umf": [
                4.5985,
                5.044825,
                6.018625,
                6.343225,
                1.0
            ],
            "lmf": [
                4.957582,
                5.206412,
                5.749314,
                5.930281,
                0.469012
            ]
        },
        {
            "umf": [
                6.8085,
                7.469325,
                8.911125,
                9.391725,
                1.0
            ],
            "lmf": [
                7.261729,
                7.673278,
                8.571203,
                8.870511,
                0.469012
            ]
        },
        {
            "umf": [
                2.2015,
                2.415175,
                2.881375,
                3.036775,
                1.0
            ],
            "lmf": [
                2.400912,
                2.50491,
                2.731816,
                2.807451,
                0.469012
            ]
        }
    ],
    "demand": [
        {
            "umf": [
                1.8615,
                2.042175,
                2.436375,
                2.567775,
                1.0
            ],
            "lmf": [
                2.039053,
                2.122074,
                2.30321,
                2.363589,
                0.542293
            ]
        },
        {
            "umf": [
                1.8615,
                2.042175,
                2.436375,
                2.567775,
                1.0
            ],
            "lmf": [
                2.039053,
                2.122074,
                2.30321,
                2.363589,
                0.542293
            ]
        },
        {
            "umf": [
                4.3605,
                4.783725,
                5.707125,
                6.014925,
                1.0
            ],