{
    "metadata": {
        "delta": 0.15,
        "alpha": 0.45,
        "beta": 0.75,
        "gamma": 1.15,
        "h_min": 0.4,
        "h_max": 0.95,
        "corrections_applied": 0,
        "statistics": {
            "global_min": 2.13,
            "global_max": 9.3,
            "global_mean": 4.92333333,
            "global_std": 2.5308771
        }
    },
    "cost_matrix": [
        [
            {
                "umf": [
                    1.7748,
                    1.9470600000000002,
                    2.3229,
                    2.4481800000000002,
                    1.0
                ],
                "lmf": [
                    1.8850752,
                    1.9966842000000002,
                    2.2401936000000005,
                    2.3213637,
                    0.4
                ]
            },
            {
                "umf": [
                    3.9703500000000003,
                    4.3557075,
                    5.196487500000001,
                    5.4767475,
                    1.0
                ],
                "lmf": [
                    4.2759387,
                    4.4932221,
                    4.967296200000001,
                    5.12532,
                    0.4
                ]
            },
            {
                "umf": [
                    5.54625,
                    6.0845625000000005,
                    7.259062500000001,
                    7.6505624999999995,
                    1.0
                ],
                "lmf": [
                    6.032185200000001,
                    6.3032328,
                    6.8946111000000005,
                    7.0917372,
                    0.4
                ]
            },
            {
                "umf": [
                    4.9725,
                    5.455125000000001,
                    6.508125000000001,
                    6.859125,
                    1.0
                ],
                "lmf": [
                    5.3888904,
                    5.642500500000001,
                    6.1958322,
                    6.3802764000000005,
                    0.4
                ]
            }
        ],
        [
            {
                "umf": [
                    1.62945,
                    1.7876025,
                    2.1326625000000003,
                    2.2476825,
                    1.0
                ],
                "lmf": [
                    1.7290934999999998,
                    1.8324423,
                    2.0579292000000002,
                    2.1330918000000003,
                    0.4
                ]
            },
            {
                "umf": [
                    3.9703500000000003,
                    4.3557075,
                    5.196487500000001,
                    5.4767475,
                    1.0
                ],
                "lmf": [
                    4.2759387,
                    4.4932221,
                    4.967296200000001,
                    5.12532,
                    0.4
                ]
            },
            {
                "umf": [
                    6.2118,
                    6.814710000000001,
                    8.13015,
                    8.56863,
                    1.0
                ],
                "lmf": [
                    6.7839795,
                    7.072191,
                    7.701015600000001,
                    7.9106238,
                    0.4
                ]
            },
            {
                "umf": [
                    1.62945,
                    1.7876025,
                    2.1326625000000003,
                    2.2476825,
                    1.0
                ],
                "lmf": [
                    1.7290934999999998,
                    1.8324423,
                    2.0579292000000002,
                    2.1330918000000003,
                    0.4
                ]
            }
        ],
        [
            {
                "umf": [
                    1.7748,
                    1.9470600000000002,
                    2.3229,
                    2.4481800000000002,
                    1.0
                ],
                "lmf": [
                    1.8850752,
                    1.9966842000000002,
                    2.2401936000000005,
                    2.3213637,
                    0.4
                ]
            },
            {
                "umf": [
                    4.9725,
                    5.455125000000001,
                    6.508125000000001,
                    6.859125,
                    1.0
                ],
                "lmf": [
                    5.3888904,
                    5.642500500000001,
                    6.1958322,
                    6.3802764000000005,
                    0.4
                ]
            },
            {
                "umf": [
                    7.1145000000000005,
                    7.8050250000000005,
                    9.311625,
                    9.813825,
                    1.0
                ],
                "lmf": [
                    7.8132195,
                    8.119449000000001,
                    8.787585600000002,
                    9.0102978,
                    0.4
                ]
            },
            {
                "umf": [
                    1.62945,
                    1.7876025,
                    2.1326625000000003,
                    2.2476825,
                    1.0
                ],
                "lmf": [
                    1.7290934999999998,
                    1.8324423,
                    2.0579292000000002,
                    2.1330918000000003,
                    0.4
                ]
            }
        ]
    ],
    "supply": [
        {
            "umf": [
                4.5985,
                5.044825,
                6.018625,
                6.343225,
                1.0
            ],
            "lmf": [
                4.957582,
                5.206412,
                5.749314,
                5.930281,
                0.469012
            ]
        },
        {
            "umf": [
                6.8085,
                7.469325,
                8.911125,
                9.391725,
                1.0
            ],
            "lmf": [
                7.261729,
                7.673278,
                8.571203,
                8.870511,
                0.469012
            ]
        },
        {
            "umf": [
                2.2015,
                2.415175,
                2.881375,
                3.036775,
                1.0
            ],
            "lmf": [
                2.400912,
                2.50491,
                2.731816,
                2.807451,
                0.469012
            ]
        }
    ],
    "demand": [
        {
            "umf": [
                1.8615,
                2.042175,
                2.436375,
                2.567775,
                1.0
            ],
            "lmf": [
                2.039053,
                2.122074,
                2.30321,
                2.363589,
                0.542293
            ]
        },
        {
            "umf": [
                1.8615,
                2.042175,
                2.436375,
                2.567775,
                1.0
            ],
            "lmf": [
                2.039053,
                2.122074,
                2.30321,
                2.363589,
                0.542293
            ]
        },
        {
            "umf": [
                4.3605,
                4.783725,
                5.707125,
                6.014925,
                1.0
            ],