{
    "metadata": {
        "delta": 0.15,
        "alpha": 0.45,
        "beta": 0.75,
        "gamma": 1.15,
        "h_min": 0.4,
        "h_max": 0.95,
        "corrections_applied": 0,
        "statistics": {
            "global_min": 2.13,
            "global_max": 9.3,
            "global_mean": 4.92333333,
            "global_std": 2.5308771
        }
    },
    "cost_matrix": [
        [
            {
                "umf": [
                    2.3664,
                    2.59608,
                    3.0972,
                    3.26424,
                    1.0
                ],
                "lmf": [
                    2.5134336,
                    2.6622456,
                    2.9869248,
                    3.0951516,
                    0.4
                ]
            },
            {
                "umf": [
                    5.2938,
                    5.8076099999999995,
                    6.92865,
                    7.3023299999999995,
                    1.0
                ],
                "lmf": [
                    5.7012516,
                    5.990962799999999,
                    6.623061600000001,
                    6.83376,
                    0.4
                ]
            },
            {
                "umf": [
                    7.395,
                    8.11275,
                    9.67875,
                    10.20075,
                    1.0
                ],
                "lmf": [
                    8.0429136,
                    8.4043104,
                    9.192814799999999,
                    9.4556496,
                    0.4
                ]
            },
            {
                "umf": [
                    6.63,
                    7.2735,
                    8.6775,
                    9.1455,
                    1.0
                ],
                "lmf": [
                    7.1851872000000006,
                    7.523334,
                    8.2611096,
                    8.5070352,
                    0.4
                ]
            }
        ],
        [
            {
                "umf": [
                    2.1726,
                    2.38347,
                    2.84355,
                    2.9969099999999997,
                    1.0
                ],
                "lmf": [
                    2.305458,
                    2.4432563999999997,
                    2.7439056,
                    2.8441224000000003,
                    0.4
                ]
            },
            {
                "umf": [
                    5.2938,
                    5.8076099999999995,
                    6.92865,
                    7.3023299999999995,
                    1.0
                ],
                "lmf": [
                    5.7012516,
                    5.990962799999999,
                    6.623061600000001,
                    6.83376,
                    0.4
                ]
            },
            {
                "umf": [
                    8.282399999999999,
                    9.08628,
                    10.8402,
                    11.42484,
                    1.0
                ],
                "lmf": [
                    9.045306,
                    9.429587999999999,
                    10.2680208,
                    10.547498399999998,
                    0.4
                ]
            },
            {
                "umf": [
                    2.1726,
                    2.38347,
                    2.84355,
                    2.9969099999999997,
                    1.0
                ],
                "lmf": [
                    2.305458,
                    2.4432563999999997,
                    2.7439056,
                    2.8441224000000003,
                    0.4
                ]
            }
        ],
        [
            {
                "umf": [
                    2.3664,
                    2.59608,
                    3.0972,
                    3.26424,
                    1.0
                ],
                "lmf": [
                    2.5134336,
                    2.6622456,
                    2.9869248,
                    3.0951516,
                    0.4
                ]
            },
            {
                "umf": [
                    6.63,
                    7.2735,
                    8.6775,
                    9.1455,
                    1.0
                ],
                "lmf": [
                    7.1851872000000006,
                    7.523334,
                    8.2611096,
                    8.5070352,
                    0.4
                ]
            },
            {
                "umf": [
                    9.486,
                    10.406699999999999,
                    12.4155,
                    13.085099999999999,
                    1.0
                ],
                "lmf": [
                    10.417626,
                    10.825932,
                    11.7167808,
                    12.0137304,
                    0.4
                ]
            },
            {
                "umf": [
                    2.1726,
                    2.38347,
                    2.84355,
                    2.9969099999999997,
                    1.0
                ],
                "lmf": [
                    2.305458,
                    2.4432563999999997,
                    2.7439056,
                    2.8441224000000003,
                    0.4
                ]
            }
        ]
    ],
    "supply": [
        {
            "umf": [
                4.5985,
                5.044825,
                6.018625,
                6.343225,
                1.0
            ],
            "lmf": [
                4.957582,
                5.206412,
                5.749314,
                5.930281,
                0.469012
            ]
        },
        {
            "umf": [
                6.8085,
                7.469325,
                8.911125,
                9.391725,
                1.0
            ],
            "lmf": [
                7.261729,
                7.673278,
                8.571203,
                8.870511,
                0.469012
            ]
        },
        {
            "umf": [
                2.2015,
                2.415175,
                2.881375,
                3.036775,
                1.0
            ],
            "lmf": [
                2.400912,
                2.50491,
                2.731816,
                2.807451,
                0.469012
            ]
        }
    ],
    "demand": [
        {
            "umf": [
                1.8615,
                2.042175,
                2.436375,
                2.567775,
                1.0
            ],
            "lmf": [
                2.039053,
                2.122074,
                2.30321,
                2.363589,
                0.542293
            ]
        },
        {
            "umf": [
                1.8615,
                2.042175,
                2.436375,
                2.567775,
                1.0
            ],
            "lmf": [
                2.039053,
                2.122074,
                2.30321,
                2.363589,
                0.542293
            ]
        },
        {
            "umf": [
                4.3605,
                4.783725,
                5.707125,
                6.014925,
                1.0
            ],
            "lmf": [
                4.691219,
                4.932548,
                5.459086,
                5.634598,
                0.542293
            ]
        },
        {
            "umf": [
                5.525,
                6.06125,
                7.23125,
                7.62125,
                1.0
            ],
            "lmf": [
                5.893739,
                6.227183,
                6.954696,
                7.1972,
                0.542293
            ]
        }
    ]
}