{
  "metadata": {
    "method": "Karnik-Mendel Centroid + Proportional Balance",
    "km_resolution_N": 1000,
    "balance_enforced": true,
    "balance_report": {
      "method": "proportional_normalization",
      "T_supply_before": 118.19859429,
      "T_demand_before": 118.18751296,
      "imbalance_before": 0.01108133,
      "T_anchor": 118.19305362,
      "T_supply_after": 118.19305362,
      "T_demand_after": 118.19305362,
      "imbalance_after": 0.0,
      "supply_scale_factor": 0.99995312,
      "demand_scale_factor": 1.00004688
    },
    "source_delta": 0.15,
    "source_alpha": 0.45,
    "source_beta": 0.75,
    "source_gamma": 1.15,
    "source_statistics": {
      "global_min": 2.13,
      "global_max": 8.12,
      "global_mean": 5.43166667,
      "global_std": 2.00727358
    }
  },
  "cost_matrix": [
    [
      2.159758, 7.99961, 8.131036, 5.015787, 5.258675, 6.583973, 7.25142,
      8.00972
    ],
    [
      7.25142, 2.352307, 3.952826, 8.110817, 5.258675, 5.481297, 2.159758,
      5.481297
    ],
    [
      2.352307, 6.583973, 7.99961, 3.952826, 5.197955, 8.222022, 5.197955,
      7.25142
    ],
    [
      3.952826, 7.25142, 4.621036, 4.621036, 5.015787, 8.131036, 5.481297,
      2.220565
    ],
    [
      5.481297, 2.625899, 7.99961, 7.25142, 6.583973, 5.258675, 7.25142,
      2.352307
    ],
    [
      2.220565, 2.352307, 2.220565, 5.481297, 7.25142, 7.342423, 6.583973,
      7.342423
    ]
  ],
  "supply": [
    19.99502735, 19.67007007, 19.68022494, 19.60914036, 19.63960528, 19.59898562
  ],
  "demand": [
    18.18056041, 17.52037241, 8.01225406, 16.75861713, 15.42808445, 17.42896182,
    15.42808445, 9.4361189
  ]
}
